id,combFE,fuelCost,cyl,guzzlerBin
20889,17,2450,12,TRUE
20887,14,3000,12,TRUE
20913,12,3500,12,TRUE
20915,16,2600,12,TRUE
20602,27,1550,4,FALSE
21288,28,1500,4,FALSE
20607,25,1700,4,FALSE
20573,26,1600,4,FALSE
20578,27,1550,4,FALSE
20413,28,1500,4,FALSE
20567,27,1550,4,FALSE
20568,27,1550,4,FALSE
21232,36,1150,4,FALSE
21140,34,1200,4,FALSE
21141,34,1200,4,FALSE
20601,27,1550,4,FALSE
20606,25,1700,4,FALSE
20572,26,1600,4,FALSE
20577,26,1600,4,FALSE
20575,26,1600,4,FALSE
20613,25,1700,6,FALSE
20659,23,1850,6,FALSE
20745,25,1700,6,FALSE
20762,23,1850,6,FALSE
20761,24,1750,6,FALSE
20603,27,1550,4,FALSE
20604,27,1550,4,FALSE
20608,25,1700,4,FALSE
20605,27,1550,4,FALSE
20571,26,1600,4,FALSE
20574,26,1600,4,FALSE
20576,26,1600,4,FALSE
20656,24,1750,6,FALSE
20642,25,1700,6,FALSE
20661,23,1850,6,FALSE
20644,25,1700,6,FALSE
20760,24,1750,6,FALSE
20751,25,1700,6,FALSE
20763,23,1850,6,FALSE
20752,25,1700,6,FALSE
21334,27,1550,4,FALSE
21368,27,1550,4,FALSE
19566,22,1900,6,FALSE
19573,21,2000,6,FALSE
21339,24,1750,6,FALSE
21340,23,1850,6,FALSE
19660,18,2350,8,FALSE
19564,23,1850,6,FALSE
19563,24,1750,6,FALSE
19565,23,1850,6,FALSE
19571,22,1900,6,FALSE
19570,22,1900,6,FALSE
19572,22,1900,6,FALSE
20535,19,2200,8,FALSE
20534,19,2200,8,FALSE
20536,19,2200,8,FALSE
19658,18,2350,8,FALSE
19657,19,2200,8,FALSE
19659,18,2350,8,FALSE
20657,24,1750,6,FALSE
20759,22,1900,6,FALSE
20566,20,2100,8,FALSE
20533,19,2200,8,FALSE
19661,18,2350,8,FALSE
20532,18,2350,8,FALSE
20412,22,1900,6,FALSE
20411,21,2000,6,FALSE
20643,25,1700,6,FALSE
20660,23,1850,6,FALSE
20641,25,1700,6,FALSE
20658,22,1900,6,FALSE
20750,25,1700,6,FALSE
20747,25,1700,6,FALSE
20339,19,2200,6,FALSE
20002,20,2100,6,FALSE
20004,19,2200,6,FALSE
20006,20,2100,6,FALSE
20338,19,2200,6,FALSE
20005,20,2100,6,FALSE
19605,16,2600,8,TRUE
19580,17,2450,8,TRUE
19604,16,2600,8,TRUE
19579,17,2450,8,TRUE
19606,16,2600,8,TRUE
19581,17,2450,8,TRUE
21289,16,2600,12,TRUE
20565,26,1600,4,FALSE
20564,25,1700,4,FALSE
19602,24,1750,4,FALSE
19597,24,1750,4,FALSE
19600,21,2000,6,FALSE
19601,21,2000,6,FALSE
21194,23,1850,4,FALSE
20639,16,2600,8,FALSE
20059,21,2000,6,FALSE
21195,25,1650,6,FALSE
20058,20,2100,6,FALSE
20582,17,2450,8,FALSE
20640,16,2600,8,FALSE
20061,21,2000,6,FALSE
20060,20,2100,6,FALSE
20581,17,2450,8,FALSE
21165,26,1600,4,FALSE
21166,24,1750,4,FALSE
19615,27,1550,4,FALSE
19492,25,1700,4,FALSE
20441,28,1500,4,FALSE
20447,26,1600,4,FALSE
20031,28,1500,3,FALSE
20340,28,1500,3,FALSE
20979,25,1700,3,FALSE
20974,26,1600,3,FALSE
20341,30,1400,3,FALSE
20033,32,1300,3,FALSE
21376,28,1500,3,FALSE
21378,28,1500,3,FALSE
21377,25,1700,3,FALSE
21379,26,1600,3,FALSE
20343,30,1400,3,FALSE
20032,32,1300,3,FALSE
20342,30,1400,3,FALSE
20034,32,1300,3,FALSE
20438,27,1550,4,FALSE
20944,25,1700,4,FALSE
19528,26,1600,4,FALSE
19533,24,1750,4,FALSE
20800,28,1500,4,FALSE
20443,26,1600,4,FALSE
21372,27,1550,4,FALSE
21373,26,1600,4,FALSE
21374,24,1750,4,FALSE
20439,28,1500,4,FALSE
20445,26,1600,4,FALSE
20440,28,1500,4,FALSE
20446,26,1600,4,FALSE
21213,28,1500,4,FALSE
21327,27,1550,4,FALSE
21123,20,2100,6,FALSE
21328,26,1600,4,FALSE
20595,27,1350,4,FALSE
20590,27,1350,4,FALSE
20597,23,1600,6,FALSE
20596,22,1650,6,FALSE
21304,23,1600,6,FALSE
21113,23,1600,6,FALSE
21057,19,2100,8,FALSE
21273,21,1750,6,FALSE
21082,21,1750,6,FALSE
21354,22,1650,6,FALSE
19470,22,1650,6,FALSE
21114,23,1600,6,FALSE
21058,19,2100,8,FALSE
21052,18,2350,8,FALSE
21086,18,2350,8,FALSE
21053,17,2450,8,TRUE
21220,21,1750,6,FALSE
21095,16,2600,8,TRUE
21111,16,2600,8,TRUE
21087,18,2350,8,FALSE
21054,17,2450,8,TRUE
21303,23,1600,6,FALSE
21112,23,1600,6,FALSE
21056,19,2100,8,FALSE
21088,18,2350,8,FALSE
21272,21,1750,6,FALSE
21084,21,1750,6,FALSE
21096,16,2600,8,TRUE
21089,18,2350,8,FALSE
20216,21,1750,6,FALSE
20394,17,2350,8,FALSE
20306,21,1750,6,FALSE
20393,17,2350,8,FALSE
19945,20,1850,6,FALSE
19861,20,1850,6,FALSE
19831,21,1750,4,FALSE
20598,19,1950,6,FALSE
19860,19,1950,6,FALSE
19960,14,3000,10,TRUE
19637,29,1450,4,FALSE
19638,30,1400,4,FALSE
20335,29,1450,4,FALSE
20026,27,1550,4,FALSE
20291,34,1250,4,FALSE
20260,30,1400,4,FALSE
20027,27,1550,4,FALSE
20259,30,1400,4,FALSE
20234,25,1700,4,FALSE
20437,28,1500,4,FALSE
20671,25,1450,4,FALSE
20672,24,1550,4,FALSE
20623,23,1600,4,FALSE
20288,23,1600,4,FALSE
20408,23,1750,6,FALSE
20922,23,1600,4,FALSE
20419,21,1900,6,FALSE
20622,25,1450,4,FALSE
20289,25,1450,4,FALSE
20407,24,1650,6,FALSE
20457,22,1650,4,FALSE
20420,21,1900,6,FALSE
20196,22,1650,4,FALSE
20194,21,1750,4,FALSE
20153,24,1550,4,FALSE
20390,24,1550,4,FALSE
20472,25,1450,4,FALSE
20142,23,1600,4,FALSE
20468,25,1450,4,FALSE
20305,21,1750,6,FALSE
20215,21,1750,6,FALSE
20392,17,2350,8,FALSE
20391,15,2800,8,FALSE
21362,25,1450,4,FALSE
21360,26,1400,4,FALSE
21355,25,1450,4,FALSE
21361,25,1450,4,FALSE
20195,22,1650,4,FALSE
20193,21,1750,4,FALSE
20152,24,1550,4,FALSE
20389,24,1550,4,FALSE
20471,25,1450,4,FALSE
20140,23,1600,4,FALSE
20467,25,1450,4,FALSE
20473,26,1600,4,FALSE
21070,25,1450,4,FALSE
20614,26,1600,4,FALSE
21069,24,1550,4,FALSE
20723,18,2050,6,FALSE
20722,18,2050,6,FALSE
20725,18,2050,6,FALSE
20724,18,2050,6,FALSE
20542,20,1850,6,FALSE
20417,17,2350,8,FALSE
20594,19,1950,6,FALSE
20516,15,2650,8,FALSE
20398,17,2350,8,FALSE
19947,24,1550,4,FALSE
20843,18,2350,8,FALSE
20351,18,2350,8,FALSE
20842,18,2350,8,FALSE
20651,18,2350,8,FALSE
20474,19,2200,8,FALSE
20427,18,2350,8,FALSE
20841,13,3250,12,TRUE
20840,13,3250,12,TRUE
20819,13,3250,12,TRUE
20257,12,3500,12,TRUE
20839,13,3250,12,TRUE
20355,13,3250,12,TRUE
20780,13,3250,12,TRUE
21205,40,900,4,FALSE
21099,23,1600,4,FALSE
21142,20,1850,6,FALSE
21100,19,1950,6,FALSE
21109,24,1550,4,FALSE
21102,24,1550,4,FALSE
21101,20,1850,6,FALSE
19560,24,1550,4,FALSE
19569,23,1600,4,FALSE
19540,26,1400,4,FALSE
19557,25,1450,4,FALSE
19561,24,1550,4,FALSE
19562,24,1550,4,FALSE
19799,18,2050,6,FALSE
19805,17,2150,6,FALSE
19800,17,2150,6,FALSE
19806,16,2300,6,FALSE
19840,21,1750,4,FALSE
19844,18,2050,6,FALSE
19842,19,1950,6,FALSE
19893,20,1850,6,FALSE
19892,19,1950,6,FALSE
19841,22,1650,4,FALSE
19843,20,1850,6,FALSE
20903,21,1750,6,FALSE
20906,19,1950,6,FALSE
20904,21,1750,6,FALSE
20978,20,1850,6,FALSE
20977,19,1950,6,FALSE
20988,19,1950,6,FALSE
20907,19,1950,6,FALSE
20990,19,1950,6,FALSE
20964,17,2150,8,FALSE
20961,16,2300,8,FALSE
20963,16,2300,8,FALSE
20902,22,1650,6,FALSE
20976,21,1750,6,FALSE
20773,20,1850,6,FALSE
20960,18,2050,8,FALSE
20905,20,1850,6,FALSE
20989,20,1850,6,FALSE
20774,19,1950,6,FALSE
20962,17,2150,8,FALSE
20987,16,2300,6,FALSE
21212,31,1200,4,FALSE
21214,30,1200,4,FALSE
21217,35,1050,3,FALSE
21216,29,1250,4,FALSE
21147,17,2150,6,FALSE
21145,18,2050,6,FALSE
21146,19,1950,6,FALSE
21271,31,1200,3,FALSE
21185,34,1100,3,FALSE
21188,31,1200,4,FALSE
21189,29,1250,4,FALSE
21184,28,1300,4,FALSE
21190,31,1200,4,FALSE
21191,29,1250,4,FALSE
21173,28,1300,4,FALSE
20991,22,1900,4,FALSE
21187,25,1450,4,FALSE
21311,14,3000,6,TRUE
19616,23,1600,4,FALSE
19744,20,1850,6,FALSE
19618,27,1350,4,FALSE
19586,25,1450,4,FALSE
19733,25,1450,4,FALSE
19667,42,900,4,FALSE
19877,24,1550,4,FALSE
19876,24,1550,4,FALSE
19929,21,1750,6,FALSE
19867,21,1750,6,FALSE
19868,18,2050,8,FALSE
19872,18,2050,8,FALSE
19878,23,1600,4,FALSE
19881,23,1600,4,FALSE
19870,18,2050,8,FALSE
19873,17,2150,8,FALSE
19879,23,1600,4,FALSE
19880,24,1550,4,FALSE
19874,17,2150,8,FALSE
19863,16,2600,8,TRUE
21257,19,1950,6,FALSE
21255,19,1950,6,FALSE
21259,19,1950,6,FALSE
21260,23,1600,4,FALSE
21256,21,1750,6,FALSE
21258,21,1750,6,FALSE
20079,23,1600,4,FALSE
20082,23,1600,4,FALSE
20084,22,1650,4,FALSE
20083,22,1650,4,FALSE
20081,22,1650,4,FALSE
20080,22,1650,4,FALSE
20432,16,2300,6,FALSE
20418,16,2300,6,FALSE
19958,20,1850,6,FALSE
19959,19,1950,6,FALSE
20141,19,1950,6,FALSE
19957,21,1750,6,FALSE
20144,20,1850,6,FALSE
19568,22,1650,4,FALSE
19556,21,1750,4,FALSE
19559,21,1750,4,FALSE
19558,23,1600,4,FALSE
21148,17,2150,6,FALSE
21150,19,1950,6,FALSE
21149,18,2050,6,FALSE
21143,19,1950,6,FALSE
21098,19,1950,6,FALSE
21144,20,1850,6,FALSE
21129,20,1850,6,FALSE
19617,23,1600,4,FALSE
19833,20,1850,6,FALSE
19587,24,1550,4,FALSE
19832,21,1750,6,FALSE
19668,40,900,4,FALSE
19801,17,2150,6,FALSE
19803,17,2150,6,FALSE
19804,17,2150,6,FALSE
19802,16,2300,6,FALSE
20663,23,1850,4,FALSE
19791,17,2150,6,FALSE
19790,18,2050,6,FALSE
20871,30,1200,4,FALSE
20549,28,1300,4,FALSE
20880,28,1300,4,FALSE
20611,27,1350,4,FALSE
20743,22,1900,4,FALSE
20744,24,1550,4,FALSE
20740,25,1450,4,FALSE
19964,25,1450,6,FALSE
19963,23,1600,6,FALSE
20756,24,1750,4,FALSE
19886,23,1600,4,FALSE
20781,22,1900,4,FALSE
20025,24,1550,4,FALSE
20253,25,1700,4,FALSE
19946,23,1850,4,FALSE
19962,26,1400,4,FALSE
20095,24,1550,6,FALSE
20235,25,1700,4,FALSE
20102,22,1650,6,FALSE
19978,20,2100,6,FALSE
20039,19,2200,6,FALSE
20426,25,1700,4,FALSE
20066,21,2000,6,FALSE
20103,21,1750,6,FALSE
20254,25,1700,4,FALSE
20097,24,1550,6,FALSE
20016,18,2350,6,FALSE
20236,24,1750,4,FALSE
20104,22,1650,6,FALSE
20610,17,2450,8,TRUE
20046,17,2150,8,FALSE
20132,17,2150,8,FALSE
19388,22,1650,6,FALSE
19387,21,1750,6,FALSE
19853,22,1650,6,FALSE
20679,18,2050,6,FALSE
20107,20,1850,6,FALSE
20237,17,2150,6,FALSE
20105,17,2150,6,TRUE
20042,20,1850,6,FALSE
20584,19,1950,8,FALSE
20161,19,1950,8,FALSE
20965,18,2050,8,FALSE
20230,20,1850,8,FALSE
20118,17,2150,8,FALSE
20162,17,2150,8,FALSE
20177,19,1950,8,FALSE
20160,19,1950,8,FALSE
20203,19,1950,8,FALSE
20159,19,1950,8,FALSE
20754,25,1700,4,FALSE
20753,23,1850,4,FALSE
19908,22,1650,6,FALSE
20919,20,1850,6,FALSE
21353,15,2800,8,TRUE
19909,20,2100,8,FALSE
20983,16,2600,8,TRUE
19948,19,2200,8,FALSE
20825,25,1450,4,FALSE
20942,22,1650,4,FALSE
20947,22,1650,4,FALSE
21174,25,1650,4,FALSE
21167,20,1850,6,FALSE
21121,21,1750,4,FALSE
21178,23,1800,4,FALSE
21169,19,1950,6,FALSE
21171,16,2300,6,FALSE
20021,16,2600,8,TRUE
20019,19,2200,8,FALSE
20920,18,2350,8,FALSE
20020,19,2200,8,FALSE
20399,34,1100,4,FALSE
20405,32,1150,4,FALSE
21391,37,1100,4,FALSE
21386,37,1100,4,FALSE
20400,32,1150,4,FALSE
20402,31,1200,4,FALSE
20401,33,1100,4,FALSE
20403,31,1200,4,FALSE
19845,23,1600,4,FALSE
19829,23,1600,4,FALSE
19767,18,2050,6,FALSE
19846,25,1450,4,FALSE
19766,25,1450,4,FALSE
19769,20,1850,6,FALSE
20283,13,2850,8,FALSE
20284,12,3050,8,FALSE
19869,25,1450,4,FALSE
19917,22,1650,6,FALSE
19854,22,1650,6,FALSE
20018,19,1950,6,FALSE
20213,18,2050,8,FALSE
20206,18,2050,8,FALSE
20250,17,2150,8,FALSE
20232,18,2050,8,FALSE
20125,17,2150,8,FALSE
20173,17,2150,8,FALSE
20182,18,2050,8,FALSE
20172,18,2050,8,FALSE
20204,18,2050,8,FALSE
20171,18,2050,8,FALSE
20469,30,1200,4,FALSE
20924,46,800,4,FALSE
20755,26,1600,4,FALSE
20147,30,1200,4,FALSE
20149,32,1150,4,FALSE
20156,28,1300,4,FALSE
20170,28,1300,4,FALSE
20150,30,1200,4,FALSE
20148,32,1150,4,FALSE
20158,28,1300,4,FALSE
20167,28,1300,4,FALSE
20396,33,1100,4,FALSE
20397,33,1100,4,FALSE
21262,33,1100,4,FALSE
21263,32,1150,4,FALSE
20757,16,2600,8,TRUE
20758,17,2450,8,TRUE
19795,17,2150,6,FALSE
19793,18,2050,6,FALSE
20550,28,1300,4,FALSE
20612,27,1350,4,FALSE
19690,23,1600,4,FALSE
19574,20,1850,6,FALSE
19696,23,1600,4,FALSE
19538,21,1750,6,FALSE
19794,17,2150,6,FALSE
19792,18,2050,6,FALSE
20043,20,1850,6,FALSE
20181,19,1950,8,FALSE
20165,19,1950,8,FALSE
20966,18,2050,8,FALSE
20231,20,1850,8,FALSE
20119,17,2150,8,FALSE
20166,17,2150,8,FALSE
20179,19,1950,8,FALSE
20163,19,1950,8,FALSE
20047,17,2150,8,FALSE
20180,19,1950,8,FALSE
20164,19,1950,8,FALSE
20048,17,2150,8,FALSE
20943,22,1650,4,FALSE
20948,22,1650,4,FALSE
21177,25,1650,4,FALSE
21168,20,1850,6,FALSE
21122,21,1750,4,FALSE
21179,23,1800,4,FALSE
21170,19,1950,6,FALSE
21172,16,2300,6,FALSE
20285,13,2850,8,FALSE
20286,12,3050,8,FALSE
20862,19,1950,6,FALSE
20214,18,2050,8,FALSE
20207,18,2050,8,FALSE
20251,17,2150,8,FALSE
20233,18,2050,8,FALSE
20127,17,2150,8,FALSE
20176,17,2150,8,FALSE
20184,18,2050,8,FALSE
20175,18,2050,8,FALSE
20126,17,2150,8,FALSE
20183,18,2050,8,FALSE
20174,18,2050,8,FALSE
20239,16,2300,8,FALSE
19830,23,1600,4,FALSE
19771,18,2050,6,FALSE
19848,25,1450,4,FALSE
19770,25,1450,4,FALSE
19768,20,1850,6,FALSE
19653,19,1950,6,FALSE
19652,22,1650,6,FALSE
19884,18,2350,8,FALSE
19953,20,2100,6,FALSE
19956,18,2350,8,FALSE
19954,20,2100,6,FALSE
19955,19,2200,8,FALSE
19662,29,1450,4,FALSE
21285,27,1550,6,FALSE
20015,21,2000,6,FALSE
20014,22,1900,6,FALSE
20010,23,1850,6,FALSE
20009,22,1900,6,FALSE
20864,21,2000,6,FALSE
19526,22,1900,6,FALSE
19527,23,1850,6,FALSE
20328,29,1450,6,FALSE
20327,23,1850,6,FALSE
20313,25,1700,6,FALSE
20386,28,1500,4,FALSE
20312,25,1700,6,FALSE
20456,48,750,4,FALSE
19942,30,1200,4,FALSE
19943,29,1250,4,FALSE
19941,26,1400,4,FALSE
19944,25,1450,6,FALSE
19940,24,1550,6,FALSE
19939,21,1750,6,FALSE
20954,35,1050,4,FALSE
20952,35,1050,4,FALSE
20956,34,1100,4,FALSE
20951,32,1150,4,FALSE
20953,36,1000,4,FALSE
20950,35,1050,4,FALSE
20957,34,1100,4,FALSE
20949,32,1150,4,FALSE
20554,34,1100,4,FALSE
20552,33,1100,4,FALSE
20940,32,1300,4,FALSE
20938,33,1250,4,FALSE
21201,29,1250,4,FALSE
21199,27,1350,4,FALSE
21200,30,1200,4,FALSE
21198,28,1300,4,FALSE
20011,36,1000,4,FALSE
20013,34,1100,4,FALSE
20224,32,1150,4,FALSE
20794,29,1250,4,FALSE
20792,29,1250,4,FALSE
20793,31,1200,4,FALSE
20790,31,1200,4,FALSE
20788,28,1300,4,FALSE
21284,22,1650,6,FALSE
21074,21,1750,6,FALSE
21072,22,1650,6,FALSE
21073,22,1650,6,FALSE
21071,23,1600,6,FALSE
19680,21,1750,6,FALSE
19679,22,1650,6,FALSE
19723,30,1200,4,FALSE
19724,31,1200,4,FALSE
20330,23,1600,6,FALSE
20329,22,1650,6,FALSE
19666,35,1050,4,FALSE
20928,29,1250,4,FALSE
20929,25,1450,4,FALSE
19338,32,1150,4,FALSE
19339,29,1250,4,FALSE
19644,27,1350,4,FALSE
19596,27,1350,4,FALSE
19337,33,1100,4,FALSE
21298,55,650,4,FALSE
21294,58,650,4,FALSE
19344,20,1850,6,FALSE
19343,21,1750,6,FALSE
19325,22,1650,4,FALSE
19376,22,1650,4,FALSE
19324,23,1600,4,FALSE
19375,24,1550,4,FALSE
19327,21,1750,4,FALSE
19326,23,1600,4,FALSE
19346,19,1950,6,FALSE
19345,20,1850,6,FALSE
19745,31,1200,4,FALSE
19812,26,1400,4,FALSE
19738,29,1250,4,FALSE
19905,40,900,4,FALSE
19906,42,900,4,FALSE
19735,24,1550,4,FALSE
19739,28,1300,4,FALSE
19923,25,1450,4,FALSE
19921,23,1600,4,FALSE
19925,27,1350,4,FALSE
19926,28,1300,4,FALSE
19924,27,1350,4,FALSE
19922,26,1400,4,FALSE
20846,31,1200,4,FALSE
20764,29,1250,4,FALSE
20847,30,1200,4,FALSE
20765,28,1300,4,FALSE
21279,29,1400,4,FALSE
19477,20,2100,6,FALSE
19553,23,1850,6,FALSE
19442,19,2200,6,FALSE
19549,23,1850,6,FALSE
19441,19,2200,6,FALSE
19431,18,2350,8,FALSE
19432,18,2350,8,FALSE
19440,21,2000,6,FALSE
19439,21,2000,6,FALSE
19555,22,1900,6,FALSE
19444,18,2350,6,FALSE
19554,22,1900,6,FALSE
19443,18,2350,6,FALSE
21277,36,1150,4,FALSE
19543,24,1750,4,FALSE
19456,24,1750,6,FALSE
21278,34,1200,4,FALSE
19459,23,1850,6,FALSE
21307,35,1200,4,FALSE
19457,23,1850,6,FALSE
21276,34,1200,4,FALSE
19460,23,1850,6,FALSE
19445,21,2000,6,FALSE
19433,18,2350,8,FALSE
19447,20,2100,6,FALSE
19446,21,2000,6,FALSE
19434,18,2350,8,FALSE
19448,20,2100,6,FALSE
19834,22,1900,4,FALSE
21338,24,1700,6,FALSE
21280,19,2200,6,FALSE
21163,16,2600,8,FALSE
19827,24,1750,4,FALSE
19828,23,1850,4,FALSE
21162,16,2600,8,FALSE
21337,24,1700,6,FALSE
21281,19,2200,6,FALSE
21164,16,2600,8,FALSE
20462,23,1600,6,FALSE
20599,32,1150,4,FALSE
19885,28,1300,4,FALSE
19977,28,1300,4,FALSE
20897,27,1350,4,FALSE
20898,26,1400,4,FALSE
20896,28,1300,4,FALSE
20894,27,1350,4,FALSE
20895,25,1450,4,FALSE
20893,28,1300,4,FALSE
19951,20,1850,6,FALSE
19974,18,2350,8,FALSE
21291,49,750,4,FALSE
21305,50,750,4,FALSE
21306,43,850,4,FALSE
21003,31,1200,4,FALSE
21004,25,1450,4,FALSE
21001,28,1300,4,FALSE
21002,29,1250,4,FALSE
20454,42,900,4,FALSE
19712,30,1200,4,FALSE
19713,31,1200,4,FALSE
19720,31,1200,4,FALSE
19623,20,1850,6,FALSE
19621,21,1750,6,FALSE
19622,19,1950,6,FALSE
19627,22,1650,4,FALSE
19634,22,1650,4,FALSE
19631,19,1950,6,FALSE
19633,21,1750,6,FALSE
19629,23,1600,4,FALSE
19630,24,1550,4,FALSE
19632,20,1850,6,FALSE
21154,28,1300,4,FALSE
20795,27,1350,4,FALSE
20796,27,1350,4,FALSE
20826,27,1350,4,FALSE
19381,21,1750,4,FALSE
19377,23,1600,4,FALSE
19379,22,1650,4,FALSE
19378,26,1400,4,FALSE
19382,23,1600,4,FALSE
19380,25,1450,4,FALSE
20876,20,2100,6,FALSE
20877,19,2200,6,FALSE
20210,19,2200,6,FALSE
20138,19,2200,6,FALSE
20139,19,2200,6,FALSE
19671,16,2600,8,TRUE
19670,15,2800,8,TRUE
20157,16,2600,8,FALSE
20169,16,2600,8,FALSE
20151,17,2450,8,TRUE
20155,18,2350,6,FALSE
20154,18,2350,6,FALSE
19709,31,1200,4,FALSE
19710,29,1250,4,FALSE
21330,27,1350,4,FALSE
21329,26,1400,4,FALSE
21159,24,1550,4,FALSE
21160,23,1600,4,FALSE
19865,35,1050,4,FALSE
19864,34,1100,4,FALSE
20228,32,1150,4,FALSE
20227,31,1200,4,FALSE
20241,31,1200,4,FALSE
20240,30,1200,4,FALSE
20264,29,1250,4,FALSE
20269,31,1200,4,FALSE
20135,31,1200,4,FALSE
20344,30,1200,4,FALSE
20243,30,1200,4,FALSE
20265,28,1300,4,FALSE
20065,29,1250,4,FALSE
20064,30,1200,4,FALSE
20063,28,1300,4,FALSE
20275,29,1450,4,FALSE
20331,29,1450,4,FALSE
20912,19,2200,8,FALSE
20911,19,2200,8,FALSE
21131,23,1850,6,FALSE
21133,22,1900,6,FALSE
21132,23,1850,6,FALSE
21124,21,2000,8,FALSE
21192,19,2200,8,FALSE
21125,19,2200,8,FALSE
20708,20,2100,8,FALSE
21193,19,2200,8,FALSE
21126,19,2200,8,FALSE
20366,26,1600,4,FALSE
20364,18,2350,8,FALSE
21134,21,2000,6,FALSE
21042,13,3250,8,FALSE
21066,12,3500,12,FALSE
20367,25,1700,4,FALSE
21202,20,2100,6,FALSE
21130,20,2100,6,FALSE
21363,20,2100,6,FALSE
20545,20,2100,6,FALSE
20538,15,2800,8,FALSE
20541,15,2800,8,FALSE
20539,15,2800,8,FALSE
19646,14,3000,8,FALSE
20687,18,2350,8,FALSE
20686,18,2350,8,FALSE
20766,18,2350,8,FALSE
20279,17,2450,8,TRUE
20770,18,2350,8,FALSE
20798,16,2600,12,TRUE
20277,19,2200,8,FALSE
20721,16,2600,12,TRUE
21094,23,1850,6,FALSE
20638,28,1500,4,FALSE
20917,26,1600,4,FALSE
19815,26,1600,4,FALSE
20509,27,1550,4,FALSE
20916,25,1700,4,FALSE
19731,25,1700,4,FALSE
21039,29,1450,4,FALSE
20986,27,1550,4,FALSE
20984,27,1550,4,FALSE
20771,21,2000,8,FALSE
20772,20,2100,8,FALSE
20088,25,1700,4,FALSE
20089,24,1750,4,FALSE
20296,23,1850,6,FALSE
20297,23,1850,6,FALSE
20298,23,1850,6,FALSE
21485,21,2000,6,FALSE
20362,20,2100,8,FALSE
20381,21,2000,8,FALSE
21270,13,3250,8,FALSE
21365,11,3800,8,FALSE
20838,27,1550,4,FALSE
20869,26,1600,4,FALSE
20415,26,1600,4,FALSE
20452,24,1750,4,FALSE
21252,24,1750,4,FALSE
21251,24,1750,4,FALSE
20425,20,2100,6,FALSE
20553,19,2200,6,FALSE
20548,19,2200,6,FALSE
20546,20,2100,6,FALSE
19647,19,2200,6,FALSE
19730,16,2600,8,FALSE
20784,16,2600,12,TRUE
21090,22,1900,4,FALSE
21097,22,1900,4,FALSE
20997,21,2000,8,FALSE
20299,20,2100,8,FALSE
20768,20,2100,8,FALSE
20767,20,2100,8,FALSE
21014,19,2200,8,FALSE
20783,16,2600,12,TRUE
20870,16,2600,12,TRUE
21081,16,2600,12,TRUE
20268,23,1850,6,FALSE
20278,20,2100,8,FALSE
20510,27,1550,4,FALSE
20580,35,1200,3,FALSE
20583,34,1250,3,FALSE
21228,35,1200,3,FALSE
21207,34,1250,3,FALSE
19993,30,1200,4,FALSE
19992,28,1300,4,FALSE
20008,26,1400,4,FALSE
19347,39,950,3,FALSE
19348,36,1000,3,FALSE
19472,37,1000,3,FALSE
19471,35,1050,3,FALSE
20451,27,1350,4,FALSE
20422,26,1400,4,FALSE
20423,23,1850,6,FALSE
20294,27,1350,4,FALSE
20560,25,1450,4,FALSE
21218,25,1450,4,FALSE
20293,26,1400,4,FALSE
21245,24,1550,4,FALSE
20734,26,1600,4,FALSE
20696,23,1850,6,FALSE
20735,24,1750,4,FALSE
20697,22,1900,6,FALSE
20822,29,1450,6,FALSE
20823,28,1500,6,FALSE
20694,22,1900,6,FALSE
20695,22,1900,6,FALSE
20463,25,1700,4,FALSE
21180,22,1900,6,FALSE
20464,24,1750,4,FALSE
21181,22,1900,6,FALSE
21182,21,2000,6,FALSE
21183,22,1900,6,FALSE
21115,21,2000,6,FALSE
21116,19,2200,8,FALSE
21118,20,2100,6,FALSE
21119,18,2350,8,FALSE
21117,30,1400,6,FALSE
20561,27,1550,4,FALSE
20562,25,1700,4,FALSE
20569,20,2100,6,FALSE
20570,20,2100,6,FALSE
20931,22,1900,6,FALSE
20937,26,1400,4,FALSE
20930,22,1900,6,FALSE
20935,26,1400,4,FALSE
20361,18,2350,6,FALSE
20360,19,2200,6,FALSE
20936,16,2600,8,FALSE
20970,15,2800,8,FALSE
19746,22,1900,6,FALSE
19747,21,2000,6,FALSE
19748,21,2000,6,FALSE
19750,20,2100,6,FALSE
20884,31,1200,4,FALSE
20885,26,1400,6,FALSE
20883,30,1200,4,FALSE
20377,16,2300,8,FALSE
20378,15,2450,8,FALSE
21048,19,1950,4,FALSE
21050,21,1750,4,FALSE
21046,19,1950,6,FALSE
21049,19,1950,6,FALSE
21043,18,2050,6,FALSE
21044,17,2150,6,FALSE
21045,18,2050,6,FALSE
21047,17,2150,6,FALSE
19907,18,2350,6,FALSE
21061,29,1450,4,FALSE
21062,29,1450,4,FALSE
21063,28,1500,4,FALSE
21059,28,1500,4,FALSE
21060,26,1600,4,FALSE
19807,25,1700,6,FALSE
20933,24,1550,6,FALSE
20972,24,1550,6,FALSE
20824,25,1450,4,FALSE
21248,24,1550,4,FALSE
20814,23,1600,6,FALSE
20815,22,1650,6,FALSE
20680,21,1750,6,FALSE
21136,22,1650,6,FALSE
21068,27,1350,4,FALSE
21296,33,1100,4,FALSE
21067,29,1250,4,FALSE
21297,34,1100,4,FALSE
21038,29,1450,4,FALSE
21037,28,1500,4,FALSE
21020,32,1150,4,FALSE
21021,30,1200,4,FALSE
21301,27,1550,4,FALSE
21300,27,1550,4,FALSE
20684,18,2050,8,FALSE
20685,18,2050,8,FALSE
20698,17,2150,8,FALSE
20636,29,1250,4,FALSE
20637,34,1100,4,FALSE
20635,30,1200,4,FALSE
19753,25,1700,6,FALSE
19752,23,1850,6,FALSE
19820,24,1750,6,FALSE
19760,23,1850,6,FALSE
19764,24,1750,6,FALSE
19762,22,1900,6,FALSE
21241,22,1900,6,FALSE
21231,21,2000,6,FALSE
21239,22,1900,6,FALSE
21269,21,2000,6,FALSE
19772,24,1750,6,FALSE
19765,23,1850,6,FALSE
19857,24,1750,6,FALSE
19773,22,1900,6,FALSE
19822,24,1750,6,FALSE
19755,23,1850,6,FALSE
21235,23,1850,6,FALSE
21229,21,2000,6,FALSE
21237,22,1900,6,FALSE
21268,21,2000,6,FALSE
19823,24,1750,6,FALSE
19856,23,1850,6,FALSE
19759,24,1750,6,FALSE
19756,23,1850,6,FALSE
19776,24,1750,6,FALSE
19763,22,1900,6,FALSE
21240,22,1900,6,FALSE
21234,21,2000,6,FALSE
19858,24,1750,6,FALSE
19774,22,1900,6,FALSE
19742,21,2000,6,FALSE
19728,21,2000,6,FALSE
19743,21,2000,6,FALSE
19729,21,2000,6,FALSE
19972,25,1700,4,FALSE
19971,24,1750,4,FALSE
19970,24,1750,4,FALSE
19969,22,1900,4,FALSE
20057,20,2100,6,FALSE
19706,19,2200,6,FALSE
20062,19,2200,6,FALSE
19700,20,2100,6,FALSE
19996,17,2450,8,FALSE
19995,17,2450,8,FALSE
20470,22,1900,4,FALSE
19698,19,2200,6,FALSE
19697,19,2200,6,FALSE
19725,19,2200,6,FALSE
21299,19,2200,6,FALSE
20829,14,3000,12,TRUE
20828,14,3000,12,TRUE
20830,14,3000,12,TRUE
19808,14,3000,12,TRUE
19809,14,3000,12,TRUE
19810,14,3000,12,TRUE
19811,14,3000,12,TRUE
20831,15,2800,12,TRUE
21402,13,3250,8,FALSE
21400,13,3250,8,FALSE
20981,17,2450,8,TRUE
20996,16,2600,8,TRUE
19967,27,1550,4,FALSE
21242,24,1750,4,FALSE
20733,29,1250,4,FALSE
20732,26,1400,4,FALSE
19648,25,1700,4,FALSE
19787,28,1300,4,FALSE
19968,24,1550,4,FALSE
21007,32,1150,4,FALSE
21005,27,1350,4,FALSE
21008,31,1200,4,FALSE
21006,26,1400,4,FALSE
21012,30,1200,4,FALSE
21011,26,1400,4,FALSE
21010,30,1200,4,FALSE
21036,25,1450,4,FALSE
19788,29,1250,4,FALSE
19718,23,1600,6,FALSE
19813,28,1300,4,FALSE
19719,22,1650,6,FALSE
19495,21,2000,4,FALSE
19494,23,1850,4,FALSE
19496,19,2200,4,FALSE
20866,42,900,4,FALSE
20968,40,900,4,FALSE
19838,24,1550,6,FALSE
20716,26,1600,4,FALSE
20715,24,1750,4,FALSE
20802,23,1850,6,FALSE
20809,22,1900,6,FALSE
20808,22,1900,6,FALSE
20810,31,1350,6,FALSE
20487,19,2200,8,FALSE
20481,16,2600,8,FALSE
20719,26,1600,4,FALSE
20710,21,2000,6,FALSE
20713,22,1900,6,FALSE
20714,21,2000,6,FALSE
20801,19,2200,8,FALSE
20805,18,2350,8,FALSE
20804,19,2200,8,FALSE
20803,18,2350,8,FALSE
20501,15,2800,8,FALSE
20806,25,1700,4,FALSE
20807,24,1750,4,FALSE
20812,24,1750,4,FALSE
20718,31,1200,4,FALSE
20813,26,1600,4,FALSE
20712,21,2000,6,FALSE
20711,22,1900,6,FALSE
20717,21,2000,6,FALSE
20494,19,2200,8,FALSE
20482,23,1600,6,FALSE
20486,22,1650,6,FALSE
20811,30,1400,6,FALSE
21226,18,2050,6,FALSE
21225,18,2050,6,FALSE
21224,18,2050,6,FALSE
19904,27,1550,4,FALSE
19883,24,1750,4,FALSE
20967,24,1550,6,FALSE
20969,40,900,4,FALSE
20302,27,1350,4,FALSE
19837,24,1550,6,FALSE
20433,40,900,4,FALSE
20434,38,950,4,FALSE
20492,32,1150,4,FALSE
20504,31,1200,4,FALSE
20499,30,1200,4,FALSE
20507,31,1200,4,FALSE
20506,30,1200,4,FALSE
20498,33,1100,4,FALSE
20493,34,1100,4,FALSE
21075,22,1650,4,FALSE
21078,23,1600,6,FALSE
21080,22,1650,6,FALSE
21076,22,1650,6,FALSE
21079,23,1600,6,FALSE
21093,28,1300,6,FALSE
21092,29,1250,6,FALSE
21077,23,1600,6,FALSE
20500,15,2450,8,FALSE
20508,52,700,4,FALSE
21223,46,800,4,FALSE
20503,56,650,4,FALSE
20867,41,900,4,FALSE
20491,25,1450,4,FALSE
20497,25,1450,4,FALSE
20490,32,1150,4,FALSE
20505,26,1400,4,FALSE
20502,24,1550,4,FALSE
20630,15,2450,8,FALSE
20628,14,2600,8,FALSE
20631,14,2600,8,FALSE
20304,22,1650,6,FALSE
20303,20,1850,6,FALSE
20488,21,1750,4,FALSE
20484,21,1750,6,FALSE
20496,20,1850,4,FALSE
20495,20,1850,4,FALSE
20483,20,1850,6,FALSE
20485,18,2050,6,FALSE
20489,18,2050,6,FALSE
20626,16,2300,8,FALSE
20634,15,2450,8,FALSE
20627,15,2450,8,FALSE
20625,16,2300,8,FALSE
20632,15,2450,8,FALSE
20629,15,2450,8,FALSE
20266,32,1150,4,FALSE
20267,33,1100,4,FALSE
20476,35,1050,4,FALSE
20477,34,1100,4,FALSE
21015,29,1250,4,FALSE
21016,28,1300,4,FALSE
21024,25,1450,4,FALSE
21025,27,1350,4,FALSE
21022,28,1500,4,FALSE
21031,25,1700,4,FALSE
21023,27,1550,4,FALSE
21302,27,1550,4,FALSE
21026,31,1350,4,FALSE
21028,24,1750,4,FALSE
21027,25,1700,4,FALSE
20379,26,1600,4,FALSE
20741,28,1500,4,FALSE
20736,25,1700,4,FALSE
20332,24,1750,6,FALSE
20333,24,1750,6,FALSE
20311,22,1900,6,FALSE
20345,22,1900,8,FALSE
20512,23,1850,4,FALSE
20558,23,1850,4,FALSE
21033,22,1900,4,FALSE
21034,21,2000,6,FALSE
19515,22,1900,4,FALSE
21035,21,2000,6,FALSE
19516,17,2450,10,TRUE
19517,17,2450,10,TRUE
20349,18,2350,8,FALSE
20646,24,1750,4,FALSE
21030,21,2000,6,FALSE
20370,20,2100,6,FALSE
20369,21,2000,6,FALSE
21040,21,2000,8,FALSE
21041,21,2000,8,FALSE
20374,18,2350,8,FALSE
20372,19,2200,6,FALSE
20655,26,1400,4,FALSE
20654,26,1400,4,FALSE
20559,25,1700,4,FALSE
20868,15,2800,12,FALSE
20350,19,2200,8,FALSE
20817,15,2800,12,TRUE
20357,17,2450,8,TRUE
20821,15,2800,12,TRUE
20358,17,2450,8,TRUE
20820,15,2800,12,TRUE
20706,14,3000,8,TRUE
21018,13,3250,8,TRUE
20069,13,3250,12,TRUE
21106,12,3500,12,TRUE
20122,13,3250,12,TRUE
21105,12,3500,12,TRUE
19520,17,2450,10,TRUE
19521,17,2450,10,TRUE
19524,16,2600,10,TRUE
19525,16,2600,10,TRUE
20186,28,1300,4,FALSE
20124,26,1400,4,FALSE
20187,28,1300,4,FALSE
20116,27,1350,4,FALSE
20117,27,1350,4,FALSE
20777,25,1700,4,FALSE
20645,20,1850,6,FALSE
20667,29,1250,4,FALSE
20693,29,1250,4,FALSE
20652,25,1450,4,FALSE
21345,26,1400,4,FALSE
20526,25,1700,4,FALSE
20527,25,1700,4,FALSE
20669,29,1250,4,FALSE
20670,28,1300,4,FALSE
20653,25,1450,4,FALSE
21346,26,1400,4,FALSE
20704,27,1350,4,FALSE
20666,28,1300,4,FALSE
20557,32,1150,4,FALSE
20609,33,1100,4,FALSE
20190,29,1250,4,FALSE
20188,27,1350,4,FALSE
20189,27,1350,4,FALSE
20307,27,1350,4,FALSE
20308,23,1600,6,FALSE
20229,22,1900,4,FALSE
20380,21,2000,4,FALSE
20376,19,1950,6,FALSE
19979,26,1400,4,FALSE
20023,26,1600,4,FALSE
19998,25,1450,4,FALSE
19983,29,1250,4,FALSE
19980,26,1400,4,FALSE
19984,29,1250,4,FALSE
20787,23,1850,4,FALSE
19997,25,1700,4,FALSE
19999,27,1550,4,FALSE
19985,26,1400,4,FALSE
19988,26,1600,4,FALSE
20000,25,1450,4,FALSE
19982,29,1250,4,FALSE
20786,23,1850,4,FALSE
21204,25,1700,4,FALSE
19989,23,1600,4,FALSE
19990,22,1900,4,FALSE
19981,26,1400,4,FALSE
19920,23,1850,4,FALSE
19919,22,1900,4,FALSE
20221,24,1750,4,FALSE
